USE [btre2]
GO
INSERT [dbo].[AspNetRoles] ([Id], [Name], [NormalizedName], [ConcurrencyStamp]) VALUES (N'3f830b07-908c-473a-a8ed-10dea08927e8', N'Realtor', N'REALTOR', N'5a8160df-b3b1-480e-b5f3-462d35ae6e24')
GO
INSERT [dbo].[AspNetRoles] ([Id], [Name], [NormalizedName], [ConcurrencyStamp]) VALUES (N'49c75dcb-00c8-4f86-9f1f-cb473c3be273', N'Admin', N'ADMIN', N'5ca3fc8a-d5a4-41aa-ae78-190f53c32d45')
GO
INSERT [dbo].[AspNetUsers] ([Id], [UserName], [NormalizedUserName], [Email], [NormalizedEmail], [EmailConfirmed], [PasswordHash], [SecurityStamp], [ConcurrencyStamp], [PhoneNumber], [PhoneNumberConfirmed], [TwoFactorEnabled], [LockoutEnd], [LockoutEnabled], [AccessFailedCount], [City]) VALUES (N'1a5edc66-0f86-4118-88d6-8e17226ce772', N'vishal@gmail.com', N'VISHAL@GMAIL.COM', N'vishal@gmail.com', N'VISHAL@GMAIL.COM', 0, N'AQAAAAEAACcQAAAAEIOUpLn6shPvAcrPEoWLrNIlr48zqqBWBPjnjr+9XTNErPEw+l8MdELgP2sLJ4ry2g==', N'CIYGZPVRILGDSQSVHEZ4HUQ5AMDZJNK6', N'53f0300c-114c-43dc-b570-c408a16725f9', NULL, 0, 0, NULL, 1, 0, NULL)
GO
INSERT [dbo].[AspNetUsers] ([Id], [UserName], [NormalizedUserName], [Email], [NormalizedEmail], [EmailConfirmed], [PasswordHash], [SecurityStamp], [ConcurrencyStamp], [PhoneNumber], [PhoneNumberConfirmed], [TwoFactorEnabled], [LockoutEnd], [LockoutEnabled], [AccessFailedCount], [City]) VALUES (N'24d3c2f5-1278-45fc-86d4-94a248b956d9', N'samarth@gmail.com', N'SAMARTH@GMAIL.COM', N'samarth@gmail.com', N'SAMARTH@GMAIL.COM', 0, N'AQAAAAEAACcQAAAAEJ7ZmVgwms+UNcCymH3soVhz8gKIta1BdqllOOnw24gDFblt5aFapX7mfgG0O9E7UQ==', N'TZIHZOI7KSNJ7IUSSOAT74HHNTASVBXT', N'0ff7bcdf-ffb3-4b51-859a-a3fe7ddaa8f2', NULL, 0, 0, NULL, 1, 0, NULL)
GO
INSERT [dbo].[AspNetUsers] ([Id], [UserName], [NormalizedUserName], [Email], [NormalizedEmail], [EmailConfirmed], [PasswordHash], [SecurityStamp], [ConcurrencyStamp], [PhoneNumber], [PhoneNumberConfirmed], [TwoFactorEnabled], [LockoutEnd], [LockoutEnabled], [AccessFailedCount], [City]) VALUES (N'712c4d8e-817b-46b3-b8b0-0a0bb3e5bcb3', N'mark@btrealestate.co', N'MARK@BTREALESTATE.CO', N'mark@btrealestate.co', N'MARK@BTREALESTATE.CO', 0, N'AQAAAAEAACcQAAAAEPpXjT21CT7HuEK982rXLWOBh+y2gBPi2XxSL5gN4AZpA+79a6d75JIXwZ7g7Bz0Cw==', N'YEIYFADN2ST2JRFR5ARR6WWOUIVVIDGE', N'4f0922f9-51fe-4727-8c8d-c2d78ce307de', NULL, 0, 0, NULL, 1, 0, NULL)
GO
INSERT [dbo].[AspNetUsers] ([Id], [UserName], [NormalizedUserName], [Email], [NormalizedEmail], [EmailConfirmed], [PasswordHash], [SecurityStamp], [ConcurrencyStamp], [PhoneNumber], [PhoneNumberConfirmed], [TwoFactorEnabled], [LockoutEnd], [LockoutEnabled], [AccessFailedCount], [City]) VALUES (N'c9844ff2-f4ae-47bf-9563-24dbb1e5a526', N'avinashchawla1996@gmail.com', N'AVINASHCHAWLA1996@GMAIL.COM', N'avinashchawla1996@gmail.com', N'AVINASHCHAWLA1996@GMAIL.COM', 0, N'AQAAAAEAACcQAAAAEBW2VBPvRto5ehbI4xcOQp0iSFM4CWfxPa3X26Ic8PJOyUOliE09I2rF+4Z+dVOzvA==', N'7QQBP4KZ7ZZ7IOJG4AX6KQLYAZ3AAECJ', N'9268df5c-d289-478d-a47d-244c8da6a465', NULL, 0, 0, NULL, 1, 0, NULL)
GO
INSERT [dbo].[AspNetUsers] ([Id], [UserName], [NormalizedUserName], [Email], [NormalizedEmail], [EmailConfirmed], [PasswordHash], [SecurityStamp], [ConcurrencyStamp], [PhoneNumber], [PhoneNumberConfirmed], [TwoFactorEnabled], [LockoutEnd], [LockoutEnabled], [AccessFailedCount], [City]) VALUES (N'f681f3b3-fb69-4586-b846-4aba00473661', N'sharukh@gmail.com', N'SHARUKH@GMAIL.COM', N'sharukh@gmail.com', N'SHARUKH@GMAIL.COM', 0, N'AQAAAAEAACcQAAAAEPoZfouPE33bqWNCDRwAjLaf2jEm3XpjCkOrkNAEsDo8KNRIfgCopJ+5tqwsw06JHQ==', N'SHY7M5LOTDUH2GOKBTYSCZLP7AGZVWD4', N'24ab543b-39f6-40fb-a9ff-986439adaef8', NULL, 0, 0, NULL, 1, 0, NULL)
GO
INSERT [dbo].[AspNetUsers] ([Id], [UserName], [NormalizedUserName], [Email], [NormalizedEmail], [EmailConfirmed], [PasswordHash], [SecurityStamp], [ConcurrencyStamp], [PhoneNumber], [PhoneNumberConfirmed], [TwoFactorEnabled], [LockoutEnd], [LockoutEnabled], [AccessFailedCount], [City]) VALUES (N'f7516925-8176-4e5e-b409-047a3998a4e9', N'kyle@btrealestate.co', N'KYLE@BTREALESTATE.CO', N'kyle@btrealestate.co', N'KYLE@BTREALESTATE.CO', 0, N'AQAAAAEAACcQAAAAEJvN71Jlwa05xhcLRtKQdzMLvHawZUy05wpTt8SpHuFsAnmhNFYKo3PKPlj/p/5K1Q==', N'FQYLCFLLPCQYXWV35FCJUDPSSVBLQR6F', N'39fe4a2e-0dce-4a2f-a0ac-1a95a82c3f65', NULL, 0, 0, NULL, 1, 0, NULL)
GO
INSERT [dbo].[AspNetUsers] ([Id], [UserName], [NormalizedUserName], [Email], [NormalizedEmail], [EmailConfirmed], [PasswordHash], [SecurityStamp], [ConcurrencyStamp], [PhoneNumber], [PhoneNumberConfirmed], [TwoFactorEnabled], [LockoutEnd], [LockoutEnabled], [AccessFailedCount], [City]) VALUES (N'fead9441-c179-4873-9ce7-b5c248200fa8', N'jenny@btrealestate.co', N'JENNY@BTREALESTATE.CO', N'jenny@btrealestate.co', N'JENNY@BTREALESTATE.CO', 0, N'AQAAAAEAACcQAAAAEG4SL9POJtmNeBEj+13mUitGsH0VgeEiqlckEXTUBTK0ViopSihDI6qEJ5ez7shsUw==', N'FY6O6IAPYZ3U36ZP7MWMIHFOPJIT5ITF', N'89ed980c-ebc6-4a9b-8700-3806b937a46f', NULL, 0, 0, NULL, 1, 0, NULL)
GO
INSERT [dbo].[AspNetUserRoles] ([UserId], [RoleId]) VALUES (N'24d3c2f5-1278-45fc-86d4-94a248b956d9', N'3f830b07-908c-473a-a8ed-10dea08927e8')
GO
INSERT [dbo].[AspNetUserRoles] ([UserId], [RoleId]) VALUES (N'712c4d8e-817b-46b3-b8b0-0a0bb3e5bcb3', N'3f830b07-908c-473a-a8ed-10dea08927e8')
GO
INSERT [dbo].[AspNetUserRoles] ([UserId], [RoleId]) VALUES (N'f681f3b3-fb69-4586-b846-4aba00473661', N'3f830b07-908c-473a-a8ed-10dea08927e8')
GO
INSERT [dbo].[AspNetUserRoles] ([UserId], [RoleId]) VALUES (N'f7516925-8176-4e5e-b409-047a3998a4e9', N'3f830b07-908c-473a-a8ed-10dea08927e8')
GO
INSERT [dbo].[AspNetUserRoles] ([UserId], [RoleId]) VALUES (N'fead9441-c179-4873-9ce7-b5c248200fa8', N'3f830b07-908c-473a-a8ed-10dea08927e8')
GO
INSERT [dbo].[AspNetUserRoles] ([UserId], [RoleId]) VALUES (N'1a5edc66-0f86-4118-88d6-8e17226ce772', N'49c75dcb-00c8-4f86-9f1f-cb473c3be273')
GO
SET IDENTITY_INSERT [dbo].[Realtors] ON 
GO
INSERT [dbo].[Realtors] ([Id], [Name], [Description], [Phone], [Email], [IsMvp], [HireDate], [Image]) VALUES (5, N'Shahrukh Khan', N'I am a romantic actor', N'1234445677', N'sharukh@gmail.com', 1, CAST(N'2020-08-31T12:30:24.6962499' AS DateTime2), N'20200831_shahrukh.jpg')
GO
INSERT [dbo].[Realtors] ([Id], [Name], [Description], [Phone], [Email], [IsMvp], [HireDate], [Image]) VALUES (6, N'Kyle Brown', N'ABCD', N' (555)-555-5555', N'kyle@btrealestate.co', 1, CAST(N'2020-08-31T12:47:39.9636648' AS DateTime2), N'20200831_kyle.jpg')
GO
INSERT [dbo].[Realtors] ([Id], [Name], [Description], [Phone], [Email], [IsMvp], [HireDate], [Image]) VALUES (7, N'Mark Hudson', N'ASDF', N' (444)-444-4444', N'mark@btrealestate.co', 1, CAST(N'2020-08-31T12:57:29.8475053' AS DateTime2), N'20200831_mark.jpg')
GO
INSERT [dbo].[Realtors] ([Id], [Name], [Description], [Phone], [Email], [IsMvp], [HireDate], [Image]) VALUES (8, N'Jenny Johnson', N'ABCDEFGHIJKLMNOPQRSTUVWXYZ', N'(333)-333-3333', N'jenny@btrealestate.co', 1, CAST(N'2020-08-31T13:04:07.5461636' AS DateTime2), N'20200831_jenny.jpg')
GO
SET IDENTITY_INSERT [dbo].[Realtors] OFF
GO
SET IDENTITY_INSERT [dbo].[Listings] ON 
GO
INSERT [dbo].[Listings] ([Id], [Title], [Address], [City], [State], [ZipCode], [Description], [Price], [Bedrooms], [Bathrooms], [Garage], [Sqft], [LotSize], [PhotoMain], [Photo1], [Photo2], [Photo3], [Photo4], [Photo5], [Photo6], [IsPublished], [ListDate], [RealtorId]) VALUES (15, N'45 Drivewood Circle', N'45 Drivewood Circle', N'Norwood', N'MA', N'02062', N'Lorem ipsum dolor sit amet consectetur adipisicing elit. Mollitia recusandae esse reiciendis officia omnis non rerum dicta cupiditate nostrum molestias deserunt aut minus inventore animi atque, consequuntur ad fugit. Possimus culpa blanditiis repellendus ipsa similique ullam, natus error dolor harum.', CAST(490000.00 AS Decimal(18, 2)), 3, 2, 2, 3200, CAST(1.50 AS Decimal(18, 2)), N'20200831_home-1.jpg', N'20200831_home-inside-1.jpg', N'20200831_home-inside-2.jpg', N'20200831_home-inside-3.jpg', N'20200831_home-inside-4.jpg', N'20200831_home-inside-5.jpg', N'20200831_home-inside-6.jpg', 1, CAST(N'2020-08-31T13:12:31.5880669' AS DateTime2), 6)
GO
INSERT [dbo].[Listings] ([Id], [Title], [Address], [City], [State], [ZipCode], [Description], [Price], [Bedrooms], [Bathrooms], [Garage], [Sqft], [LotSize], [PhotoMain], [Photo1], [Photo2], [Photo3], [Photo4], [Photo5], [Photo6], [IsPublished], [ListDate], [RealtorId]) VALUES (16, N'18 Jefferson Lake', N'18 Jefferson Lake', N'Woburn', N'MA', N'01801', N'Lorem ipsum dolor sit amet consectetur adipisicing elit. Mollitia recusandae esse reiciendis officia omnis non rerum dicta cupiditate nostrum molestias deserunt aut minus inventore animi atque, consequuntur ad fugit. Possimus culpa blanditiis repellendus ipsa similique ullam, natus error dolor harum.', CAST(550000.00 AS Decimal(18, 2)), 4, 2, 1, 3200, CAST(1.40 AS Decimal(18, 2)), N'20200831_home-2.jpg', N'20200831_home-inside-6.jpg', N'20200831_home-inside-5.jpg', N'20200831_home-inside-4.jpg', NULL, NULL, NULL, 1, CAST(N'2020-08-31T13:25:58.2643981' AS DateTime2), 7)
GO
INSERT [dbo].[Listings] ([Id], [Title], [Address], [City], [State], [ZipCode], [Description], [Price], [Bedrooms], [Bathrooms], [Garage], [Sqft], [LotSize], [PhotoMain], [Photo1], [Photo2], [Photo3], [Photo4], [Photo5], [Photo6], [IsPublished], [ListDate], [RealtorId]) VALUES (17, N'187 Woodrow Street', N'187 Woodrow Street', N'Salem', N'MA', N'01915', N'Lorem ipsum dolor sit amet consectetur adipisicing elit. Mollitia recusandae esse reiciendis officia omnis non rerum dicta cupiditate nostrum molestias deserunt aut minus inventore animi atque, consequuntur ad fugit. Possimus culpa blanditiis repellendus ipsa similique ullam, natus error dolor harum.', CAST(580000.00 AS Decimal(18, 2)), 4, 3, 0, 3107, CAST(1.40 AS Decimal(18, 2)), N'20200831_home-3.jpg', N'20200831_home-inside-5.jpg', N'20200831_home-inside-3.jpg', N'20200831_home-inside-2.jpg', N'20200831_home-inside-6.jpg', N'20200831_home-inside-1.jpg', N'20200831_home-inside-4.jpg', 1, CAST(N'2020-08-31T13:47:33.4863279' AS DateTime2), 7)
GO
INSERT [dbo].[Listings] ([Id], [Title], [Address], [City], [State], [ZipCode], [Description], [Price], [Bedrooms], [Bathrooms], [Garage], [Sqft], [LotSize], [PhotoMain], [Photo1], [Photo2], [Photo3], [Photo4], [Photo5], [Photo6], [IsPublished], [ListDate], [RealtorId]) VALUES (18, N'28 Gifford Street', N'28 Gifford Street', N'Bedford', N'NH', N'03103', N'Lorem ipsum dolor sit amet consectetur adipisicing elit. Mollitia recusandae esse reiciendis officia omnis non rerum dicta cupiditate nostrum molestias deserunt aut minus inventore animi atque, consequuntur ad fugit. Possimus culpa blanditiis repellendus ipsa similique ullam, natus error dolor harum.', CAST(380000.00 AS Decimal(18, 2)), 4, 2, 2, 2927, CAST(1.70 AS Decimal(18, 2)), N'20200831_home-4.jpg', N'20200831_home-inside-3.jpg', N'20200831_home-inside-6.jpg', N'20200831_home-inside-1.jpg', N'20200831_home-inside-4.jpg', NULL, NULL, 1, CAST(N'2020-08-31T13:49:34.5339301' AS DateTime2), 8)
GO
INSERT [dbo].[Listings] ([Id], [Title], [Address], [City], [State], [ZipCode], [Description], [Price], [Bedrooms], [Bathrooms], [Garage], [Sqft], [LotSize], [PhotoMain], [Photo1], [Photo2], [Photo3], [Photo4], [Photo5], [Photo6], [IsPublished], [ListDate], [RealtorId]) VALUES (19, N'12 United Road', N'12 United Road', N'South Hampton', N'NH', N'03827', N'Lorem ipsum dolor sit amet consectetur adipisicing elit. Mollitia recusandae esse reiciendis officia omnis non rerum dicta cupiditate nostrum molestias deserunt aut minus inventore animi atque, consequuntur ad fugit. Possimus culpa blanditiis repellendus ipsa similique ullam, natus error dolor harum.', CAST(230000.00 AS Decimal(18, 2)), 3, 1, 1, 2207, CAST(1.10 AS Decimal(18, 2)), N'20200831_home-5.jpg', N'20200831_home-inside-5.jpg', N'20200831_home-inside-2.jpg', N'20200831_home-inside-6.jpg', NULL, NULL, NULL, 1, CAST(N'2020-08-31T13:52:06.3321468' AS DateTime2), 6)
GO
INSERT [dbo].[Listings] ([Id], [Title], [Address], [City], [State], [ZipCode], [Description], [Price], [Bedrooms], [Bathrooms], [Garage], [Sqft], [LotSize], [PhotoMain], [Photo1], [Photo2], [Photo3], [Photo4], [Photo5], [Photo6], [IsPublished], [ListDate], [RealtorId]) VALUES (20, N'33 Essex Circle', N'33 Essex Circle', N'Lexington', N'MA', N'01731', N'Lorem ipsum dolor sit amet consectetur adipisicing elit. Mollitia recusandae esse reiciendis officia omnis non rerum dicta cupiditate nostrum molestias deserunt aut minus inventore animi atque, consequuntur ad fugit. Possimus culpa blanditiis repellendus ipsa similique ullam, natus error dolor harum.', CAST(780000.00 AS Decimal(18, 2)), 5, 3, 1, 0, CAST(2.00 AS Decimal(18, 2)), N'20200831_home-6.jpg', N'20200831_home-inside-6.jpg', N'20200831_home-inside-5.jpg', N'20200831_home-inside-4.jpg', NULL, NULL, NULL, 1, CAST(N'2020-08-31T13:53:17.1783856' AS DateTime2), 8)
GO
SET IDENTITY_INSERT [dbo].[Listings] OFF
GO
